{
  "algo": "GA",
  "SLL_dB": -8.664293667205769,
  "FWHM_x": 10.581912805004432,
  "FWHM_y": 10.46215309574678,
  "FWHM_sum": 21.044065900751214,
  "Eccentricity": 0.15002236738732666,
  "Score": -6.484875893436984
}