nE,nN,E_lim,N_lim,eccentricity
12,8,361.77196908211835,379.066793866111,0.20961785235404096
13,7,349.89637991656207,371.446895924518,0.21314692957854228
13,10,375.28078461905443,427.1847314703942,0.22047799707072954
11,10,341.5638358375013,353.4813664226329,0.2226437723721134
7,14,462.43030448170794,488.53759851349434,0.22383770310229678
