nE,nN,E_lim,N_lim,eccentricity
9,14,410.4038086816794,484.87379285796,0.20397232159786755
8,13,279.3433980224218,314.3420536921418,0.20486647702401486
10,15,258.9586061308447,435.5905520855398,0.20881226621635932
11,15,437.07578018129124,381.0745476697956,0.20965088900093531
9,14,402.0687136405649,515.8078491782381,0.20980996075103994
